code,term,dmd_id,dmd_type,bnf_code
42353711000001101,Esomeprazole 20mg gastro-resistant tablets,42353711000001101,VMP,0103050E0AAAAAA
19675711000001104,Esomeprazole 20mg gastro-resistant tablets,19675711000001104,AMP,0103050E0AAAAAA
20947311000001106,Esomeprazole 20mg gastro-resistant tablets,20947311000001106,AMP,0103050E0AAAAAA
21733711000001100,Esomeprazole 20mg gastro-resistant tablets,21733711000001100,AMP,0103050E0AAAAAA
30762311000001105,Esomeprazole 20mg gastro-resistant tablets,30762311000001105,AMP,0103050E0AAAAAA
45579211000001108,Esomeprazole 20mg gastro-resistant tablets,45579211000001108,AMP,0103050E0AAAAAA
36378411000001100,Esomeprazole 20mg gastro-resistant tablets,36378411000001100,AMP,0103050E0AAAAAA
37121611000001104,Esomeprazole 20mg gastro-resistant tablets,37121611000001104,AMP,0103050E0AAAAAA
23975411000001108,Esomeprazole 20mg gastro-resistant tablets,23975411000001108,AMP,0103050E0AAAAAA
32412011000001109,Esomeprazole 20mg gastro-resistant tablets,32412011000001109,AMP,0103050E0AAAAAA
30126611000001103,Esomeprazole 20mg gastro-resistant tablets,30126611000001103,AMP,0103050E0AAAAAA
38891611000001109,Esomeprazole 20mg gastro-resistant tablets,38891611000001109,AMP,0103050E0AAAAAA
37210911000001107,Esomeprazole 20mg gastro-resistant tablets,37210911000001107,AMP,0103050E0AAAAAA
44761611000001107,Esomeprazole 20mg gastro-resistant tablets,44761611000001107,AMP,0103050E0AAAAAA
23914611000001100,Esomeprazole 20mg gastro-resistant tablets,23914611000001100,AMP,0103050E0AAAAAA
24662211000001107,Esomeprazole 20mg gastro-resistant tablets,24662211000001107,AMP,0103050E0AAAAAA
29857911000001103,Esomeprazole 20mg gastro-resistant tablets,29857911000001103,AMP,0103050E0AAAAAA
20101411000001102,Esomeprazole 20mg gastro-resistant tablets,20101411000001102,AMP,0103050E0AAAAAA
19629111000001102,Esomeprazole 20mg gastro-resistant tablets,19629111000001102,AMP,0103050E0AAAAAA
36855211000001106,Esomeprazole 20mg gastro-resistant tablets,36855211000001106,AMP,0103050E0AAAAAA
21977111000001100,Esomeprazole 20mg gastro-resistant tablets,21977111000001100,AMP,0103050E0AAAAAA
22809711000001107,Esomeprazole 20mg gastro-resistant tablets,22809711000001107,AMP,0103050E0AAAAAA
42353811000001109,Esomeprazole 40mg gastro-resistant tablets,42353811000001109,VMP,0103050E0AAABAB
19675911000001102,Esomeprazole 40mg gastro-resistant tablets,19675911000001102,AMP,0103050E0AAABAB
20947511000001100,Esomeprazole 40mg gastro-resistant tablets,20947511000001100,AMP,0103050E0AAABAB
21734011000001100,Esomeprazole 40mg gastro-resistant tablets,21734011000001100,AMP,0103050E0AAABAB
30762511000001104,Esomeprazole 40mg gastro-resistant tablets,30762511000001104,AMP,0103050E0AAABAB
45579711000001101,Esomeprazole 40mg gastro-resistant tablets,45579711000001101,AMP,0103050E0AAABAB
36379611000001106,Esomeprazole 40mg gastro-resistant tablets,36379611000001106,AMP,0103050E0AAABAB
41409711000001100,Esomeprazole 40mg gastro-resistant tablets,41409711000001100,AMP,0103050E0AAABAB
23975711000001102,Esomeprazole 40mg gastro-resistant tablets,23975711000001102,AMP,0103050E0AAABAB
32412211000001104,Esomeprazole 40mg gastro-resistant tablets,32412211000001104,AMP,0103050E0AAABAB
37064211000001100,Esomeprazole 40mg gastro-resistant tablets,37064211000001100,AMP,0103050E0AAABAB
38891811000001108,Esomeprazole 40mg gastro-resistant tablets,38891811000001108,AMP,0103050E0AAABAB
37211111000001103,Esomeprazole 40mg gastro-resistant tablets,37211111000001103,AMP,0103050E0AAABAB
44761811000001106,Esomeprazole 40mg gastro-resistant tablets,44761811000001106,AMP,0103050E0AAABAB
23914811000001101,Esomeprazole 40mg gastro-resistant tablets,23914811000001101,AMP,0103050E0AAABAB
24662911000001103,Esomeprazole 40mg gastro-resistant tablets,24662911000001103,AMP,0103050E0AAABAB
29858111000001100,Esomeprazole 40mg gastro-resistant tablets,29858111000001100,AMP,0103050E0AAABAB
20101811000001100,Esomeprazole 40mg gastro-resistant tablets,20101811000001100,AMP,0103050E0AAABAB
19630711000001106,Esomeprazole 40mg gastro-resistant tablets,19630711000001106,AMP,0103050E0AAABAB
36855411000001105,Esomeprazole 40mg gastro-resistant tablets,36855411000001105,AMP,0103050E0AAABAB
21977311000001103,Esomeprazole 40mg gastro-resistant tablets,21977311000001103,AMP,0103050E0AAABAB
22808511000001108,Esomeprazole 40mg gastro-resistant tablets,22808511000001108,AMP,0103050E0AAABAB
7322511000001101,Esomeprazole 40mg powder for solution for injection vials,7322511000001101,VMP,0103050E0AAACAC
20372111000001102,Esomeprazole 40mg powder for solution for injection vials,20372111000001102,AMP,0103050E0AAACAC
34752611000001109,Esomeprazole 40mg powder for solution for injection vials,34752611000001109,AMP,0103050E0AAACAC
40748811000001109,Esomeprazole 40mg powder for solution for injection vials,40748811000001109,AMP,0103050E0AAACAC
20552311000001104,Esomeprazole 40mg powder for solution for injection vials,20552311000001104,AMP,0103050E0AAACAC
39488911000001104,Esomeprazole 40mg powder for solution for injection vials,39488911000001104,AMP,0103050E0AAACAC
16074011000001103,Esomeprazole 40mg/5ml oral suspension,16074011000001103,VMP,0103050E0AAADAD
16041511000001105,Esomeprazole 40mg/5ml oral suspension,16041511000001105,AMP,0103050E0AAADAD
16132311000001103,Esomeprazole 10mg gastro-resistant granules sachets,16132311000001103,VMP,0103050E0AAAEAE
40337111000001101,Esomeprazole 10mg gastro-resistant granules sachets,40337111000001101,AMP,0103050E0AAAEAE
40326911000001104,Esomeprazole 10mg gastro-resistant granules sachets,40326911000001104,AMP,0103050E0AAAEAE
39933411000001107,Esomeprazole 10mg gastro-resistant granules sachets,39933411000001107,AMP,0103050E0AAAEAE
17631311000001107,Esomeprazole 20mg gastro-resistant capsules,17631311000001107,VMP,0103050E0AAAFAF
19669111000001105,Esomeprazole 20mg gastro-resistant capsules,19669111000001105,AMP,0103050E0AAAFAF
24529111000001106,Esomeprazole 20mg gastro-resistant capsules,24529111000001106,AMP,0103050E0AAAFAF
21347511000001100,Esomeprazole 20mg gastro-resistant capsules,21347511000001100,AMP,0103050E0AAAFAF
33694511000001103,Esomeprazole 20mg gastro-resistant capsules,33694511000001103,AMP,0103050E0AAAFAF
40590411000001102,Esomeprazole 20mg gastro-resistant capsules,40590411000001102,AMP,0103050E0AAAFAF
23974711000001101,Esomeprazole 20mg gastro-resistant capsules,23974711000001101,AMP,0103050E0AAAFAF
41260611000001103,Esomeprazole 20mg gastro-resistant capsules,41260611000001103,AMP,0103050E0AAAFAF
41115511000001109,Esomeprazole 20mg gastro-resistant capsules,41115511000001109,AMP,0103050E0AAAFAF
30126411000001101,Esomeprazole 20mg gastro-resistant capsules,30126411000001101,AMP,0103050E0AAAFAF
38891211000001107,Esomeprazole 20mg gastro-resistant capsules,38891211000001107,AMP,0103050E0AAAFAF
29857511000001105,Esomeprazole 20mg gastro-resistant capsules,29857511000001105,AMP,0103050E0AAAFAF
42092511000001106,Esomeprazole 20mg gastro-resistant capsules,42092511000001106,AMP,0103050E0AAAFAF
19468611000001109,Esomeprazole 20mg gastro-resistant capsules,19468611000001109,AMP,0103050E0AAAFAF
21976411000001108,Esomeprazole 20mg gastro-resistant capsules,21976411000001108,AMP,0103050E0AAAFAF
29868911000001108,Esomeprazole 20mg gastro-resistant capsules,29868911000001108,AMP,0103050E0AAAFAF
17631411000001100,Esomeprazole 40mg gastro-resistant capsules,17631411000001100,VMP,0103050E0AAAGAG
19669311000001107,Esomeprazole 40mg gastro-resistant capsules,19669311000001107,AMP,0103050E0AAAGAG
24529311000001108,Esomeprazole 40mg gastro-resistant capsules,24529311000001108,AMP,0103050E0AAAGAG
21347711000001105,Esomeprazole 40mg gastro-resistant capsules,21347711000001105,AMP,0103050E0AAAGAG
33694311000001109,Esomeprazole 40mg gastro-resistant capsules,33694311000001109,AMP,0103050E0AAAGAG
23975011000001104,Esomeprazole 40mg gastro-resistant capsules,23975011000001104,AMP,0103050E0AAAGAG
41146811000001109,Esomeprazole 40mg gastro-resistant capsules,41146811000001109,AMP,0103050E0AAAGAG
38891411000001106,Esomeprazole 40mg gastro-resistant capsules,38891411000001106,AMP,0103050E0AAAGAG
29858311000001103,Esomeprazole 40mg gastro-resistant capsules,29858311000001103,AMP,0103050E0AAAGAG
42092711000001101,Esomeprazole 40mg gastro-resistant capsules,42092711000001101,AMP,0103050E0AAAGAG
19468411000001106,Esomeprazole 40mg gastro-resistant capsules,19468411000001106,AMP,0103050E0AAAGAG
21976711000001102,Esomeprazole 40mg gastro-resistant capsules,21976711000001102,AMP,0103050E0AAAGAG
29869111000001103,Esomeprazole 40mg gastro-resistant capsules,29869111000001103,AMP,0103050E0AAAGAG
154111000001106,Nexium 20mg gastro-resistant tablets,154111000001106,AMP,0103050E0BBAAAA
240211000001107,Nexium 40mg gastro-resistant tablets,240211000001107,AMP,0103050E0BBABAB
7320811000001104,Nexium I.V 40mg powder for solution for injection vials,7320811000001104,AMP,0103050E0BBACAC
16116611000001103,Nexium 10mg gastro-resistant granules sachets,16116611000001103,AMP,0103050E0BBADAE
22380011000001104,Nexium 20mg gastro-resistant tablets,22380011000001104,AMP,0103050E0BBAEAA
22380211000001109,Nexium 40mg gastro-resistant tablets,22380211000001109,AMP,0103050E0BBAFAB
28939811000001109,Nexium Control 20mg gastro-resistant tablets,28939811000001109,AMP,0103050E0BBAGAA
35585411000001101,Nexium Control 20mg gastro-resistant capsules,35585411000001101,AMP,0103050E0BBAHAF
17603611000001106,Emozul 20mg gastro-resistant capsules,17603611000001106,AMP,0103050E0BCAAAF
17603311000001101,Emozul 40mg gastro-resistant capsules,17603311000001101,AMP,0103050E0BCABAG
33664711000001106,Ventra 20mg gastro-resistant capsules,33664711000001106,AMP,0103050E0BDAAAF
33665211000001103,Ventra 40mg gastro-resistant capsules,33665211000001103,AMP,0103050E0BDABAG
37556211000001102,Guardium acid reflux control 20mg gastro-resistant tablets,37556211000001102,AMP,0103050E0BEAAAA
42354611000001108,Lansoprazole 30mg gastro-resistant capsules,42354611000001108,VMP,0103050L0AAAAAA
10131811000001109,Lansoprazole 30mg gastro-resistant capsules,10131811000001109,AMP,0103050L0AAAAAA
42906411000001102,Lansoprazole 30mg gastro-resistant capsules,42906411000001102,AMP,0103050L0AAAAAA
9908311000001102,Lansoprazole 30mg gastro-resistant capsules,9908311000001102,AMP,0103050L0AAAAAA
9905511000001100,Lansoprazole 30mg gastro-resistant capsules,9905511000001100,AMP,0103050L0AAAAAA
17973511000001103,Lansoprazole 30mg gastro-resistant capsules,17973511000001103,AMP,0103050L0AAAAAA
10436311000001107,Lansoprazole 30mg gastro-resistant capsules,10436311000001107,AMP,0103050L0AAAAAA
24389511000001107,Lansoprazole 30mg gastro-resistant capsules,24389511000001107,AMP,0103050L0AAAAAA
24355411000001103,Lansoprazole 30mg gastro-resistant capsules,24355411000001103,AMP,0103050L0AAAAAA
11016711000001103,Lansoprazole 30mg gastro-resistant capsules,11016711000001103,AMP,0103050L0AAAAAA
10302811000001103,Lansoprazole 30mg gastro-resistant capsules,10302811000001103,AMP,0103050L0AAAAAA
9889711000001101,Lansoprazole 30mg gastro-resistant capsules,9889711000001101,AMP,0103050L0AAAAAA
9480911000001104,Lansoprazole 30mg gastro-resistant capsules,9480911000001104,AMP,0103050L0AAAAAA
10289311000001106,Lansoprazole 30mg gastro-resistant capsules,10289311000001106,AMP,0103050L0AAAAAA
37097611000001106,Lansoprazole 30mg gastro-resistant capsules,37097611000001106,AMP,0103050L0AAAAAA
40739211000001102,Lansoprazole 30mg gastro-resistant capsules,40739211000001102,AMP,0103050L0AAAAAA
39011211000001107,Lansoprazole 30mg gastro-resistant capsules,39011211000001107,AMP,0103050L0AAAAAA
35246411000001109,Lansoprazole 30mg gastro-resistant capsules,35246411000001109,AMP,0103050L0AAAAAA
10439411000001107,Lansoprazole 30mg gastro-resistant capsules,10439411000001107,AMP,0103050L0AAAAAA
37568011000001103,Lansoprazole 30mg gastro-resistant capsules,37568011000001103,AMP,0103050L0AAAAAA
9846411000001108,Lansoprazole 30mg gastro-resistant capsules,9846411000001108,AMP,0103050L0AAAAAA
17935111000001106,Lansoprazole 30mg gastro-resistant capsules,17935111000001106,AMP,0103050L0AAAAAA
9905011000001108,Lansoprazole 30mg gastro-resistant capsules,9905011000001108,AMP,0103050L0AAAAAA
15106711000001106,Lansoprazole 30mg gastro-resistant capsules,15106711000001106,AMP,0103050L0AAAAAA
17203411000001106,Lansoprazole 30mg gastro-resistant capsules,17203411000001106,AMP,0103050L0AAAAAA
10567011000001107,Lansoprazole 30mg gastro-resistant capsules,10567011000001107,AMP,0103050L0AAAAAA
9890111000001108,Lansoprazole 30mg gastro-resistant capsules,9890111000001108,AMP,0103050L0AAAAAA
9991011000001109,Lansoprazole 30mg gastro-resistant capsules,9991011000001109,AMP,0103050L0AAAAAA
22061311000001109,Lansoprazole 30mg gastro-resistant capsules,22061311000001109,AMP,0103050L0AAAAAA
41752711000001107,Lansoprazole 30mg gastro-resistant capsules,41752711000001107,AMP,0103050L0AAAAAA
9869711000001104,Lansoprazole 30mg gastro-resistant capsules,9869711000001104,AMP,0103050L0AAAAAA
42354511000001109,Lansoprazole 15mg gastro-resistant capsules,42354511000001109,VMP,0103050L0AAABAB
10131611000001105,Lansoprazole 15mg gastro-resistant capsules,10131611000001105,AMP,0103050L0AAABAB
42841411000001108,Lansoprazole 15mg gastro-resistant capsules,42841411000001108,AMP,0103050L0AAABAB
9908111000001104,Lansoprazole 15mg gastro-resistant capsules,9908111000001104,AMP,0103050L0AAABAB
9905311000001106,Lansoprazole 15mg gastro-resistant capsules,9905311000001106,AMP,0103050L0AAABAB
17973711000001108,Lansoprazole 15mg gastro-resistant capsules,17973711000001108,AMP,0103050L0AAABAB
10436111000001105,Lansoprazole 15mg gastro-resistant capsules,10436111000001105,AMP,0103050L0AAABAB
24389311000001101,Lansoprazole 15mg gastro-resistant capsules,24389311000001101,AMP,0103050L0AAABAB
24355211000001102,Lansoprazole 15mg gastro-resistant capsules,24355211000001102,AMP,0103050L0AAABAB
11016911000001101,Lansoprazole 15mg gastro-resistant capsules,11016911000001101,AMP,0103050L0AAABAB
10303011000001100,Lansoprazole 15mg gastro-resistant capsules,10303011000001100,AMP,0103050L0AAABAB
9889511000001106,Lansoprazole 15mg gastro-resistant capsules,9889511000001106,AMP,0103050L0AAABAB
9480611000001105,Lansoprazole 15mg gastro-resistant capsules,9480611000001105,AMP,0103050L0AAABAB
10288611000001105,Lansoprazole 15mg gastro-resistant capsules,10288611000001105,AMP,0103050L0AAABAB
37096411000001106,Lansoprazole 15mg gastro-resistant capsules,37096411000001106,AMP,0103050L0AAABAB
41752411000001101,Lansoprazole 15mg gastro-resistant capsules,41752411000001101,AMP,0103050L0AAABAB
39010411000001102,Lansoprazole 15mg gastro-resistant capsules,39010411000001102,AMP,0103050L0AAABAB
35246211000001105,Lansoprazole 15mg gastro-resistant capsules,35246211000001105,AMP,0103050L0AAABAB
10438911000001107,Lansoprazole 15mg gastro-resistant capsules,10438911000001107,AMP,0103050L0AAABAB
37567311000001101,Lansoprazole 15mg gastro-resistant capsules,37567311000001101,AMP,0103050L0AAABAB
9846611000001106,Lansoprazole 15mg gastro-resistant capsules,9846611000001106,AMP,0103050L0AAABAB
17934911000001105,Lansoprazole 15mg gastro-resistant capsules,17934911000001105,AMP,0103050L0AAABAB
9904811000001103,Lansoprazole 15mg gastro-resistant capsules,9904811000001103,AMP,0103050L0AAABAB
15106311000001107,Lansoprazole 15mg gastro-resistant capsules,15106311000001107,AMP,0103050L0AAABAB
17203211000001107,Lansoprazole 15mg gastro-resistant capsules,17203211000001107,AMP,0103050L0AAABAB
10566811000001103,Lansoprazole 15mg gastro-resistant capsules,10566811000001103,AMP,0103050L0AAABAB
9889911000001104,Lansoprazole 15mg gastro-resistant capsules,9889911000001104,AMP,0103050L0AAABAB
9990711000001103,Lansoprazole 15mg gastro-resistant capsules,9990711000001103,AMP,0103050L0AAABAB
22060911000001103,Lansoprazole 15mg gastro-resistant capsules,22060911000001103,AMP,0103050L0AAABAB
9869511000001109,Lansoprazole 15mg gastro-resistant capsules,9869511000001109,AMP,0103050L0AAABAB
36037911000001105,Lansoprazole 30mg gastro-resistant granules sachets,36037911000001105,VMP,0103050L0AAADAD
4053411000001103,Lansoprazole 15mg orodispersible tablets,4053411000001103,VMP,0103050L0AAAGAG
22680211000001102,Lansoprazole 15mg orodispersible tablets,22680211000001102,AMP,0103050L0AAAGAG
42687011000001106,Lansoprazole 15mg orodispersible tablets,42687011000001106,AMP,0103050L0AAAGAG
22672811000001106,Lansoprazole 15mg orodispersible tablets,22672811000001106,AMP,0103050L0AAAGAG
30060811000001100,Lansoprazole 15mg orodispersible tablets,30060811000001100,AMP,0103050L0AAAGAG
27957311000001103,Lansoprazole 15mg orodispersible tablets,27957311000001103,AMP,0103050L0AAAGAG
30218411000001108,Lansoprazole 15mg orodispersible tablets,30218411000001108,AMP,0103050L0AAAGAG
39011411000001106,Lansoprazole 15mg orodispersible tablets,39011411000001106,AMP,0103050L0AAAGAG
39294811000001104,Lansoprazole 15mg orodispersible tablets,39294811000001104,AMP,0103050L0AAAGAG
29883611000001106,Lansoprazole 15mg orodispersible tablets,29883611000001106,AMP,0103050L0AAAGAG
23166511000001107,Lansoprazole 15mg orodispersible tablets,23166511000001107,AMP,0103050L0AAAGAG
22428411000001109,Lansoprazole 15mg orodispersible tablets,22428411000001109,AMP,0103050L0AAAGAG
33591711000001100,Lansoprazole 15mg orodispersible tablets,33591711000001100,AMP,0103050L0AAAGAG
4053511000001104,Lansoprazole 30mg orodispersible tablets,4053511000001104,VMP,0103050L0AAAHAH
22680411000001103,Lansoprazole 30mg orodispersible tablets,22680411000001103,AMP,0103050L0AAAHAH
42686811000001102,Lansoprazole 30mg orodispersible tablets,42686811000001102,AMP,0103050L0AAAHAH
23260911000001101,Lansoprazole 30mg orodispersible tablets,23260911000001101,AMP,0103050L0AAAHAH
22673011000001109,Lansoprazole 30mg orodispersible tablets,22673011000001109,AMP,0103050L0AAAHAH
22834311000001101,Lansoprazole 30mg orodispersible tablets,22834311000001101,AMP,0103050L0AAAHAH
22649211000001101,Lansoprazole 30mg orodispersible tablets,22649211000001101,AMP,0103050L0AAAHAH
23218111000001103,Lansoprazole 30mg orodispersible tablets,23218111000001103,AMP,0103050L0AAAHAH
27957511000001109,Lansoprazole 30mg orodispersible tablets,27957511000001109,AMP,0103050L0AAAHAH
37097811000001105,Lansoprazole 30mg orodispersible tablets,37097811000001105,AMP,0103050L0AAAHAH
39011711000001100,Lansoprazole 30mg orodispersible tablets,39011711000001100,AMP,0103050L0AAAHAH
39295011000001109,Lansoprazole 30mg orodispersible tablets,39295011000001109,AMP,0103050L0AAAHAH
29883811000001105,Lansoprazole 30mg orodispersible tablets,29883811000001105,AMP,0103050L0AAAHAH
23166711000001102,Lansoprazole 30mg orodispersible tablets,23166711000001102,AMP,0103050L0AAAHAH
22428611000001107,Lansoprazole 30mg orodispersible tablets,22428611000001107,AMP,0103050L0AAAHAH
33591911000001103,Lansoprazole 30mg orodispersible tablets,33591911000001103,AMP,0103050L0AAAHAH
15533711000001104,Lansoprazole 10mg/5ml oral solution,15533711000001104,VMP,0103050L0AAAIAI
15533811000001107,Lansoprazole 10mg/5ml oral suspension,15533811000001107,VMP,0103050L0AAAIAI
15525711000001100,Lansoprazole 10mg/5ml oral solution,15525711000001100,AMP,0103050L0AAAIAI
15526011000001106,Lansoprazole 10mg/5ml oral suspension,15526011000001106,AMP,0103050L0AAAIAI
14014211000001107,Lansoprazole 30mg/5ml oral solution,14014211000001107,VMP,0103050L0AAAJAJ
13984311000001108,Lansoprazole 30mg/5ml oral solution,13984311000001108,AMP,0103050L0AAAJAJ
15648811000001106,Lansoprazole 3mg/5ml oral solution,15648811000001106,VMP,0103050L0AAAKAK
15632811000001108,Lansoprazole 3mg/5ml oral suspension,15632811000001108,VMP,0103050L0AAAKAK
15635611000001100,Lansoprazole 3mg/5ml oral solution,15635611000001100,AMP,0103050L0AAAKAK
15619711000001103,Lansoprazole 3mg/5ml oral suspension,15619711000001103,AMP,0103050L0AAAKAK
15649111000001106,Lansoprazole 60mg/5ml oral solution,15649111000001106,VMP,0103050L0AAALAL
15649211000001100,Lansoprazole 60mg/5ml oral suspension,15649211000001100,VMP,0103050L0AAALAL
15636811000001109,Lansoprazole 60mg/5ml oral solution,15636811000001109,AMP,0103050L0AAALAL
15636511000001106,Lansoprazole 60mg/5ml oral suspension,15636511000001106,AMP,0103050L0AAALAL
15536711000001106,Lansoprazole 15mg/5ml oral solution,15536711000001106,VMP,0103050L0AAAMAM
15536411000001100,Lansoprazole 15mg/5ml oral solution,15536411000001100,AMP,0103050L0AAAMAM
14796611000001101,Lansoprazole 7.5mg/5ml oral solution,14796611000001101,VMP,0103050L0AAANAN
14796711000001105,Lansoprazole 7.5mg/5ml oral suspension,14796711000001105,VMP,0103050L0AAANAN
14782211000001103,Lansoprazole 7.5mg/5ml oral solution,14782211000001103,AMP,0103050L0AAANAN
14782511000001100,Lansoprazole 7.5mg/5ml oral suspension,14782511000001100,AMP,0103050L0AAANAN
15648911000001101,Lansoprazole 4mg/5ml oral solution,15648911000001101,VMP,0103050L0AAAPAP
15649011000001105,Lansoprazole 4mg/5ml oral suspension,15649011000001105,VMP,0103050L0AAAPAP
15635911000001106,Lansoprazole 4mg/5ml oral solution,15635911000001106,AMP,0103050L0AAAPAP
15636211000001108,Lansoprazole 4mg/5ml oral suspension,15636211000001108,AMP,0103050L0AAAPAP
13821811000001104,Lansoprazole 5mg/5ml oral solution,13821811000001104,VMP,0103050L0AAAQAQ
13821111000001106,Lansoprazole 5mg/5ml oral solution,13821111000001106,AMP,0103050L0AAAQAQ
14742811000001107,Lansoprazole 10mg oral powder sachets,14742811000001107,VMP,0103050L0AAARAR
14707311000001107,Lansoprazole 10mg oral powder sachets,14707311000001107,AMP,0103050L0AAARAR
15533911000001102,Lansoprazole 20mg/5ml oral solution,15533911000001102,VMP,0103050L0AAASAS
15534011000001104,Lansoprazole 20mg/5ml oral suspension,15534011000001104,VMP,0103050L0AAASAS
15528511000001102,Lansoprazole 20mg/5ml oral solution,15528511000001102,AMP,0103050L0AAASAS
15528811000001104,Lansoprazole 20mg/5ml oral suspension,15528811000001104,AMP,0103050L0AAASAS
15535411000001109,Lansoprazole 40mg/5ml oral solution,15535411000001109,VMP,0103050L0AAATAT
15535511000001108,Lansoprazole 40mg/5ml oral suspension,15535511000001108,VMP,0103050L0AAATAT
15532011000001105,Lansoprazole 40mg/5ml oral solution,15532011000001105,AMP,0103050L0AAATAT
15532811000001104,Lansoprazole 40mg/5ml oral suspension,15532811000001104,AMP,0103050L0AAATAT
16036411000001101,Lansoprazole 11mg/5ml oral solution,16036411000001101,VMP,0103050L0AAAUAU
16036511000001102,Lansoprazole 11mg/5ml oral suspension,16036511000001102,VMP,0103050L0AAAUAU
16023711000001102,Lansoprazole 11mg/5ml oral solution,16023711000001102,AMP,0103050L0AAAUAU
16025711000001101,Lansoprazole 11mg/5ml oral suspension,16025711000001101,AMP,0103050L0AAAUAU
16109711000001104,Lansoprazole 22mg/5ml oral solution,16109711000001104,VMP,0103050L0AAAVAV
16109811000001107,Lansoprazole 22mg/5ml oral suspension,16109811000001107,VMP,0103050L0AAAVAV
16107011000001105,Lansoprazole 22mg/5ml oral solution,16107011000001105,AMP,0103050L0AAAVAV
16107311000001108,Lansoprazole 22mg/5ml oral suspension,16107311000001108,AMP,0103050L0AAAVAV
29669711000001105,Lansoprazole 50mg/5ml oral suspension,29669711000001105,VMP,0103050L0AAAWAW
29578511000001106,Lansoprazole 50mg/5ml oral suspension,29578511000001106,AMP,0103050L0AAAWAW
15632711000001100,Lansoprazole 15mg/5ml oral suspension,15632711000001100,VMP,0103050L0AAAXAX
15619411000001109,Lansoprazole 15mg/5ml oral suspension,15619411000001109,AMP,0103050L0AAAXAX
14014311000001104,Lansoprazole 30mg/5ml oral suspension,14014311000001104,VMP,0103050L0AAAYAY
13985011000001109,Lansoprazole 30mg/5ml oral suspension,13985011000001109,AMP,0103050L0AAAYAY
13821911000001109,Lansoprazole 5mg/5ml oral suspension,13821911000001109,VMP,0103050L0AAAZAZ
13820811000001107,Lansoprazole 5mg/5ml oral suspension,13820811000001107,AMP,0103050L0AAAZAZ
32877811000001103,Lansoprazole 22.5mg/5ml oral suspension,32877811000001103,VMP,0103050L0AABABA
32875011000001102,Lansoprazole 22.5mg/5ml oral suspension,32875011000001102,AMP,0103050L0AABABA
34665111000001107,Lansoprazole 15mg oral powder sachets,34665111000001107,VMP,0103050L0AABBBB
34651511000001108,Lansoprazole 15mg oral powder sachets,34651511000001108,AMP,0103050L0AABBBB
35611111000001101,Lansoprazole 8mg/5ml oral suspension,35611111000001101,VMP,0103050L0AABCBC
35603211000001108,Lansoprazole 8mg/5ml oral suspension,35603211000001108,AMP,0103050L0AABCBC
36904011000001103,Lansoprazole 3.75mg/5ml oral solution,36904011000001103,VMP,0103050L0AABDBD
36878011000001106,Lansoprazole 3.75mg/5ml oral solution,36878011000001106,AMP,0103050L0AABDBD
217611000001102,Zoton 30mg gastro-resistant capsules,217611000001102,AMP,0103050L0BBAAAA
29411000001106,Zoton 15mg gastro-resistant capsules,29411000001106,AMP,0103050L0BBABAB
3261211000001101,Zoton 30mg gastro-resistant granules sachets,3261211000001101,AMP,0103050L0BBACAD
4040911000001100,Zoton FasTab 15mg,4040911000001100,AMP,0103050L0BBADAG
4041711000001105,Zoton FasTab 30mg,4041711000001105,AMP,0103050L0BBAEAH
42356411000001102,Omeprazole 20mg gastro-resistant capsules,42356411000001102,VMP,0103050P0AAAAAA
1111000001108,Omeprazole 20mg gastro-resistant capsules,1111000001108,AMP,0103050P0AAAAAA
44123411000001107,Omeprazole 20mg gastro-resistant capsules,44123411000001107,AMP,0103050P0AAAAAA
263411000001108,Omeprazole 20mg gastro-resistant capsules,263411000001108,AMP,0103050P0AAAAAA
7011000001102,Omeprazole 20mg gastro-resistant capsules,7011000001102,AMP,0103050P0AAAAAA
10687111000001101,Omeprazole 20mg gastro-resistant capsules,10687111000001101,AMP,0103050P0AAAAAA
13766811000001101,Omeprazole 20mg gastro-resistant capsules,13766811000001101,AMP,0103050P0AAAAAA
13413811000001102,Omeprazole 20mg gastro-resistant capsules,13413811000001102,AMP,0103050P0AAAAAA
19511111000001101,Omeprazole 20mg gastro-resistant capsules,19511111000001101,AMP,0103050P0AAAAAA
14125511000001108,Omeprazole 20mg gastro-resistant capsules,14125511000001108,AMP,0103050P0AAAAAA
38868711000001107,Omeprazole 20mg gastro-resistant capsules,38868711000001107,AMP,0103050P0AAAAAA
30066911000001108,Omeprazole 20mg gastro-resistant capsules,30066911000001108,AMP,0103050P0AAAAAA
11552711000001109,Omeprazole 20mg gastro-resistant capsules,11552711000001109,AMP,0103050P0AAAAAA
11014211000001100,Omeprazole 20mg gastro-resistant capsules,11014211000001100,AMP,0103050P0AAAAAA
10300411000001101,Omeprazole 20mg gastro-resistant capsules,10300411000001101,AMP,0103050P0AAAAAA
21304911000001105,Omeprazole 20mg gastro-resistant capsules,21304911000001105,AMP,0103050P0AAAAAA
40817011000001109,Omeprazole 20mg gastro-resistant capsules,40817011000001109,AMP,0103050P0AAAAAA
140611000001107,Omeprazole 20mg gastro-resistant capsules,140611000001107,AMP,0103050P0AAAAAA
852311000001105,Omeprazole 20mg gastro-resistant capsules,852311000001105,AMP,0103050P0AAAAAA
37124811000001103,Omeprazole 20mg gastro-resistant capsules,37124811000001103,AMP,0103050P0AAAAAA
41731311000001103,Omeprazole 20mg gastro-resistant capsules,41731311000001103,AMP,0103050P0AAAAAA
39205111000001107,Omeprazole 20mg gastro-resistant capsules,39205111000001107,AMP,0103050P0AAAAAA
35247411000001106,Omeprazole 20mg gastro-resistant capsules,35247411000001106,AMP,0103050P0AAAAAA
37590411000001106,Omeprazole 20mg gastro-resistant capsules,37590411000001106,AMP,0103050P0AAAAAA
11409811000001106,Omeprazole 20mg gastro-resistant capsules,11409811000001106,AMP,0103050P0AAAAAA
17947911000001100,Omeprazole 20mg gastro-resistant capsules,17947911000001100,AMP,0103050P0AAAAAA
43582711000001105,Omeprazole 20mg gastro-resistant capsules,43582711000001105,AMP,0103050P0AAAAAA
3753611000001104,Omeprazole 20mg gastro-resistant capsules,3753611000001104,AMP,0103050P0AAAAAA
15057211000001101,Omeprazole 20mg gastro-resistant capsules,15057211000001101,AMP,0103050P0AAAAAA
9756711000001103,Omeprazole 20mg gastro-resistant capsules,9756711000001103,AMP,0103050P0AAAAAA
71711000001100,Omeprazole 20mg gastro-resistant capsules,71711000001100,AMP,0103050P0AAAAAA
185011000001103,Omeprazole 20mg gastro-resistant capsules,185011000001103,AMP,0103050P0AAAAAA
40911000001106,Omeprazole 20mg gastro-resistant capsules,40911000001106,AMP,0103050P0AAAAAA
32557811000001102,Omeprazole 20mg gastro-resistant capsules,32557811000001102,AMP,0103050P0AAAAAA
568311000001100,Omeprazole 20mg gastro-resistant capsules,568311000001100,AMP,0103050P0AAAAAA
21824911000001101,Omeprazole 20mg gastro-resistant capsules,21824911000001101,AMP,0103050P0AAAAAA
282211000001100,Omeprazole 20mg gastro-resistant capsules,282211000001100,AMP,0103050P0AAAAAA
16064411000001102,Omeprazole 20mg gastro-resistant capsules,16064411000001102,AMP,0103050P0AAAAAA
9559611000001100,Omeprazole 20mg gastro-resistant capsules,9559611000001100,AMP,0103050P0AAAAAA
42356611000001104,Omeprazole 40mg gastro-resistant capsules,42356611000001104,VMP,0103050P0AAAEAE
919311000001103,Omeprazole 40mg gastro-resistant capsules,919311000001103,AMP,0103050P0AAAEAE
42623011000001108,Omeprazole 40mg gastro-resistant capsules,42623011000001108,AMP,0103050P0AAAEAE
23639311000001100,Omeprazole 40mg gastro-resistant capsules,23639311000001100,AMP,0103050P0AAAEAE
147611000001106,Omeprazole 40mg gastro-resistant capsules,147611000001106,AMP,0103050P0AAAEAE
13414611000001103,Omeprazole 40mg gastro-resistant capsules,13414611000001103,AMP,0103050P0AAAEAE
19511411000001106,Omeprazole 40mg gastro-resistant capsules,19511411000001106,AMP,0103050P0AAAEAE
38868911000001109,Omeprazole 40mg gastro-resistant capsules,38868911000001109,AMP,0103050P0AAAEAE
30067011000001107,Omeprazole 40mg gastro-resistant capsules,30067011000001107,AMP,0103050P0AAAEAE
11013911000001107,Omeprazole 40mg gastro-resistant capsules,11013911000001107,AMP,0103050P0AAAEAE
10299911000001106,Omeprazole 40mg gastro-resistant capsules,10299911000001106,AMP,0103050P0AAAEAE
32807211000001105,Omeprazole 40mg gastro-resistant capsules,32807211000001105,AMP,0103050P0AAAEAE
414711000001103,Omeprazole 40mg gastro-resistant capsules,414711000001103,AMP,0103050P0AAAEAE
251411000001100,Omeprazole 40mg gastro-resistant capsules,251411000001100,AMP,0103050P0AAAEAE
37125011000001108,Omeprazole 40mg gastro-resistant capsules,37125011000001108,AMP,0103050P0AAAEAE
41731611000001108,Omeprazole 40mg gastro-resistant capsules,41731611000001108,AMP,0103050P0AAAEAE
39206811000001108,Omeprazole 40mg gastro-resistant capsules,39206811000001108,AMP,0103050P0AAAEAE
37590611000001109,Omeprazole 40mg gastro-resistant capsules,37590611000001109,AMP,0103050P0AAAEAE
9377411000001108,Omeprazole 40mg gastro-resistant capsules,9377411000001108,AMP,0103050P0AAAEAE
17948011000001103,Omeprazole 40mg gastro-resistant capsules,17948011000001103,AMP,0103050P0AAAEAE
3753811000001100,Omeprazole 40mg gastro-resistant capsules,3753811000001100,AMP,0103050P0AAAEAE
15112911000001107,Omeprazole 40mg gastro-resistant capsules,15112911000001107,AMP,0103050P0AAAEAE
372711000001109,Omeprazole 40mg gastro-resistant capsules,372711000001109,AMP,0103050P0AAAEAE
349911000001102,Omeprazole 40mg gastro-resistant capsules,349911000001102,AMP,0103050P0AAAEAE
789711000001109,Omeprazole 40mg gastro-resistant capsules,789711000001109,AMP,0103050P0AAAEAE
32558611000001102,Omeprazole 40mg gastro-resistant capsules,32558611000001102,AMP,0103050P0AAAEAE
412411000001102,Omeprazole 40mg gastro-resistant capsules,412411000001102,AMP,0103050P0AAAEAE
21825211000001106,Omeprazole 40mg gastro-resistant capsules,21825211000001106,AMP,0103050P0AAAEAE
40511000001104,Omeprazole 40mg gastro-resistant capsules,40511000001104,AMP,0103050P0AAAEAE
9559811000001101,Omeprazole 40mg gastro-resistant capsules,9559811000001101,AMP,0103050P0AAAEAE
42356211000001101,Omeprazole 10mg gastro-resistant capsules,42356211000001101,VMP,0103050P0AAAFAF
254411000001103,Omeprazole 10mg gastro-resistant capsules,254411000001103,AMP,0103050P0AAAFAF
44123611000001105,Omeprazole 10mg gastro-resistant capsules,44123611000001105,AMP,0103050P0AAAFAF
863411000001100,Omeprazole 10mg gastro-resistant capsules,863411000001100,AMP,0103050P0AAAFAF
546111000001106,Omeprazole 10mg gastro-resistant capsules,546111000001106,AMP,0103050P0AAAFAF
10686911000001101,Omeprazole 10mg gastro-resistant capsules,10686911000001101,AMP,0103050P0AAAFAF
19510711000001108,Omeprazole 10mg gastro-resistant capsules,19510711000001108,AMP,0103050P0AAAFAF
38868511000001102,Omeprazole 10mg gastro-resistant capsules,38868511000001102,AMP,0103050P0AAAFAF
30066711000001106,Omeprazole 10mg gastro-resistant capsules,30066711000001106,AMP,0103050P0AAAFAF
11552511000001104,Omeprazole 10mg gastro-resistant capsules,11552511000001104,AMP,0103050P0AAAFAF
11014711000001107,Omeprazole 10mg gastro-resistant capsules,11014711000001107,AMP,0103050P0AAAFAF
10300811000001104,Omeprazole 10mg gastro-resistant capsules,10300811000001104,AMP,0103050P0AAAFAF
215811000001108,Omeprazole 10mg gastro-resistant capsules,215811000001108,AMP,0103050P0AAAFAF
536711000001108,Omeprazole 10mg gastro-resistant capsules,536711000001108,AMP,0103050P0AAAFAF
37124611000001102,Omeprazole 10mg gastro-resistant capsules,37124611000001102,AMP,0103050P0AAAFAF
41730811000001104,Omeprazole 10mg gastro-resistant capsules,41730811000001104,AMP,0103050P0AAAFAF
39206111000001101,Omeprazole 10mg gastro-resistant capsules,39206111000001101,AMP,0103050P0AAAFAF
37590211000001107,Omeprazole 10mg gastro-resistant capsules,37590211000001107,AMP,0103050P0AAAFAF
9377211000001109,Omeprazole 10mg gastro-resistant capsules,9377211000001109,AMP,0103050P0AAAFAF
17947811000001105,Omeprazole 10mg gastro-resistant capsules,17947811000001105,AMP,0103050P0AAAFAF
3753411000001102,Omeprazole 10mg gastro-resistant capsules,3753411000001102,AMP,0103050P0AAAFAF
15112711000001105,Omeprazole 10mg gastro-resistant capsules,15112711000001105,AMP,0103050P0AAAFAF
584711000001107,Omeprazole 10mg gastro-resistant capsules,584711000001107,AMP,0103050P0AAAFAF
80311000001100,Omeprazole 10mg gastro-resistant capsules,80311000001100,AMP,0103050P0AAAFAF
385811000001100,Omeprazole 10mg gastro-resistant capsules,385811000001100,AMP,0103050P0AAAFAF
32556611000001103,Omeprazole 10mg gastro-resistant capsules,32556611000001103,AMP,0103050P0AAAFAF
638011000001101,Omeprazole 10mg gastro-resistant capsules,638011000001101,AMP,0103050P0AAAFAF
21824711000001103,Omeprazole 10mg gastro-resistant capsules,21824711000001103,AMP,0103050P0AAAFAF
340711000001106,Omeprazole 10mg gastro-resistant capsules,340711000001106,AMP,0103050P0AAAFAF
9559411000001103,Omeprazole 10mg gastro-resistant capsules,9559411000001103,AMP,0103050P0AAAFAF
24351311000001108,Omeprazole 10mg/5ml oral solution,24351311000001108,VMP,0103050P0AAAJAJ
24328911000001104,Omeprazole 10mg/5ml oral solution,24328911000001104,AMP,0103050P0AAAJAJ
13001811000001105,Omeprazole 40mg/5ml oral solution,13001811000001105,VMP,0103050P0AAAKAK
12969711000001100,Omeprazole 40mg/5ml oral solution,12969711000001100,AMP,0103050P0AAAKAK
8670611000001103,Omeprazole 2.5mg/5ml oral suspension,8670611000001103,VMP,0103050P0AAALAL
8643811000001107,Omeprazole 2.5mg/5ml oral suspension,8643811000001107,AMP,0103050P0AAALAL
39021411000001102,Omeprazole 10mg dispersible gastro-resistant tablets,39021411000001102,VMP,0103050P0AAAMAM
32440211000001109,Omeprazole 10mg dispersible gastro-resistant tablets,32440211000001109,AMP,0103050P0AAAMAM
39021511000001103,Omeprazole 20mg dispersible gastro-resistant tablets,39021511000001103,VMP,0103050P0AAANAN
32440511000001107,Omeprazole 20mg dispersible gastro-resistant tablets,32440511000001107,AMP,0103050P0AAANAN
39021611000001104,Omeprazole 40mg dispersible gastro-resistant tablets,39021611000001104,VMP,0103050P0AAAPAP
32441811000001102,Omeprazole 40mg dispersible gastro-resistant tablets,32441811000001102,AMP,0103050P0AAAPAP
24351411000001101,Omeprazole 20mg/5ml oral solution,24351411000001101,VMP,0103050P0AAAQAQ
24329411000001104,Omeprazole 20mg/5ml oral solution,24329411000001104,AMP,0103050P0AAAQAQ
13001211000001109,Omeprazole 25mg/5ml oral solution,13001211000001109,VMP,0103050P0AAARAR
13001311000001101,Omeprazole 25mg/5ml oral suspension,13001311000001101,VMP,0103050P0AAARAR
12965311000001101,Omeprazole 25mg/5ml oral solution,12965311000001101,AMP,0103050P0AAARAR
12963111000001104,Omeprazole 25mg/5ml oral suspension,12963111000001104,AMP,0103050P0AAARAR
13002011000001107,Omeprazole 4mg/5ml oral solution,13002011000001107,VMP,0103050P0AAASAS
13002111000001108,Omeprazole 4mg/5ml oral suspension,13002111000001108,VMP,0103050P0AAASAS
12971511000001100,Omeprazole 4mg/5ml oral solution,12971511000001100,AMP,0103050P0AAASAS
12970611000001106,Omeprazole 4mg/5ml oral suspension,12970611000001106,AMP,0103050P0AAASAS
36022311000001109,Omeprazole 40mg powder for solution for infusion vials,36022311000001109,VMP,0103050P0AAAVAV
11535811000001107,Omeprazole 40mg powder for solution for infusion vials,11535811000001107,AMP,0103050P0AAAVAV
34754811000001102,Omeprazole 40mg powder for solution for infusion vials,34754811000001102,AMP,0103050P0AAAVAV
45889411000001101,Omeprazole 40mg powder for solution for infusion vials,45889411000001101,AMP,0103050P0AAAVAV
43156811000001101,Omeprazole 40mg powder for solution for infusion vials,43156811000001101,AMP,0103050P0AAAVAV
11144411000001102,Omeprazole 40mg powder for solution for infusion vials,11144411000001102,AMP,0103050P0AAAVAV
31685111000001103,Omeprazole 40mg powder for solution for infusion vials,31685111000001103,AMP,0103050P0AAAVAV
15028911000001107,Omeprazole 40mg powder for solution for infusion vials,15028911000001107,AMP,0103050P0AAAVAV
35775411000001106,Omeprazole 40mg powder for solution for infusion vials,35775411000001106,AMP,0103050P0AAAVAV
42780311000001103,Omeprazole 40mg powder for solution for infusion vials,42780311000001103,AMP,0103050P0AAAVAV
13002411000001103,Omeprazole 50mg/5ml oral solution,13002411000001103,VMP,0103050P0AAAWAW
13002511000001104,Omeprazole 50mg/5ml oral suspension,13002511000001104,VMP,0103050P0AAAWAW
12975411000001101,Omeprazole 50mg/5ml oral solution,12975411000001101,AMP,0103050P0AAAWAW
12974811000001100,Omeprazole 50mg/5ml oral suspension,12974811000001100,AMP,0103050P0AAAWAW
13001011000001104,Omeprazole 15.5mg/5ml oral solution,13001011000001104,VMP,0103050P0AAAXAX
13001111000001103,Omeprazole 15.5mg/5ml oral suspension,13001111000001103,VMP,0103050P0AAAXAX
12961711000001104,Omeprazole 15.5mg/5ml oral solution,12961711000001104,AMP,0103050P0AAAXAX
12960911000001109,Omeprazole 15.5mg/5ml oral suspension,12960911000001109,AMP,0103050P0AAAXAX
13002211000001102,Omeprazole 500micrograms/5ml oral solution,13002211000001102,VMP,0103050P0AAAYAY
13002311000001105,Omeprazole 500micrograms/5ml oral suspension,13002311000001105,VMP,0103050P0AAAYAY
12974011000001106,Omeprazole 500micrograms/5ml oral solution,12974011000001106,AMP,0103050P0AAAYAY
12973011000001109,Omeprazole 500micrograms/5ml oral suspension,12973011000001109,AMP,0103050P0AAAYAY
13002611000001100,Omeprazole 8mg/5ml oral solution,13002611000001100,VMP,0103050P0AAAZAZ
13002711000001109,Omeprazole 8mg/5ml oral suspension,13002711000001109,VMP,0103050P0AAAZAZ
12976511000001109,Omeprazole 8mg/5ml oral solution,12976511000001109,AMP,0103050P0AAAZAZ
12975911000001109,Omeprazole 8mg/5ml oral suspension,12975911000001109,AMP,0103050P0AAAZAZ
13001411000001108,Omeprazole 2mg/5ml oral solution,13001411000001108,VMP,0103050P0AABABA
13001511000001107,Omeprazole 2mg/5ml oral suspension,13001511000001107,VMP,0103050P0AABABA
12967411000001102,Omeprazole 2mg/5ml oral solution,12967411000001102,AMP,0103050P0AABABA
12966811000001102,Omeprazole 2mg/5ml oral suspension,12966811000001102,AMP,0103050P0AABABA
13000811000001102,Omeprazole 12.5mg/5ml oral solution,13000811000001102,VMP,0103050P0AABBBB
13000911000001107,Omeprazole 12.5mg/5ml oral suspension,13000911000001107,VMP,0103050P0AABBBB
12959711000001106,Omeprazole 12.5mg/5ml oral solution,12959711000001106,AMP,0103050P0AABBBB
12958811000001105,Omeprazole 12.5mg/5ml oral suspension,12958811000001105,AMP,0103050P0AABBBB
42356311000001109,Omeprazole 10mg gastro-resistant tablets,42356311000001109,VMP,0103050P0AABCBC
3192511000001105,Omeprazole 10mg gastro-resistant tablets,3192511000001105,AMP,0103050P0AABCBC
3192911000001103,Omeprazole 10mg gastro-resistant tablets,3192911000001103,AMP,0103050P0AABCBC
3198311000001101,Omeprazole 10mg gastro-resistant tablets,3198311000001101,AMP,0103050P0AABCBC
10687311000001104,Omeprazole 10mg gastro-resistant tablets,10687311000001104,AMP,0103050P0AABCBC
30067311000001105,Omeprazole 10mg gastro-resistant tablets,30067311000001105,AMP,0103050P0AABCBC
11551911000001100,Omeprazole 10mg gastro-resistant tablets,11551911000001100,AMP,0103050P0AABCBC
3195411000001103,Omeprazole 10mg gastro-resistant tablets,3195411000001103,AMP,0103050P0AABCBC
39324511000001102,Omeprazole 10mg gastro-resistant tablets,39324511000001102,AMP,0103050P0AABCBC
17948111000001102,Omeprazole 10mg gastro-resistant tablets,17948111000001102,AMP,0103050P0AABCBC
3196811000001109,Omeprazole 10mg gastro-resistant tablets,3196811000001109,AMP,0103050P0AABCBC
29972411000001102,Omeprazole 10mg gastro-resistant tablets,29972411000001102,AMP,0103050P0AABCBC
3197711000001103,Omeprazole 10mg gastro-resistant tablets,3197711000001103,AMP,0103050P0AABCBC
3197411000001109,Omeprazole 10mg gastro-resistant tablets,3197411000001109,AMP,0103050P0AABCBC
3194711000001105,Omeprazole 10mg gastro-resistant tablets,3194711000001105,AMP,0103050P0AABCBC
3193711000001108,Omeprazole 10mg gastro-resistant tablets,3193711000001108,AMP,0103050P0AABCBC
21825611000001108,Omeprazole 10mg gastro-resistant tablets,21825611000001108,AMP,0103050P0AABCBC
42356511000001103,Omeprazole 20mg gastro-resistant tablets,42356511000001103,VMP,0103050P0AABDBD
3199111000001105,Omeprazole 20mg gastro-resistant tablets,3199111000001105,AMP,0103050P0AABDBD
3200111000001100,Omeprazole 20mg gastro-resistant tablets,3200111000001100,AMP,0103050P0AABDBD
3203011000001106,Omeprazole 20mg gastro-resistant tablets,3203011000001106,AMP,0103050P0AABDBD
10320711000001102,Omeprazole 20mg gastro-resistant tablets,10320711000001102,AMP,0103050P0AABDBD
30067511000001104,Omeprazole 20mg gastro-resistant tablets,30067511000001104,AMP,0103050P0AABDBD
11552111000001108,Omeprazole 20mg gastro-resistant tablets,11552111000001108,AMP,0103050P0AABDBD
3201111000001106,Omeprazole 20mg gastro-resistant tablets,3201111000001106,AMP,0103050P0AABDBD
3201411000001101,Omeprazole 20mg gastro-resistant tablets,3201411000001101,AMP,0103050P0AABDBD
39321911000001106,Omeprazole 20mg gastro-resistant tablets,39321911000001106,AMP,0103050P0AABDBD
17948211000001108,Omeprazole 20mg gastro-resistant tablets,17948211000001108,AMP,0103050P0AABDBD
3202011000001102,Omeprazole 20mg gastro-resistant tablets,3202011000001102,AMP,0103050P0AABDBD
29972811000001100,Omeprazole 20mg gastro-resistant tablets,29972811000001100,AMP,0103050P0AABDBD
3202611000001109,Omeprazole 20mg gastro-resistant tablets,3202611000001109,AMP,0103050P0AABDBD
3202411000001106,Omeprazole 20mg gastro-resistant tablets,3202411000001106,AMP,0103050P0AABDBD
5027211000001103,Omeprazole 20mg gastro-resistant tablets,5027211000001103,AMP,0103050P0AABDBD
3200611000001108,Omeprazole 20mg gastro-resistant tablets,3200611000001108,AMP,0103050P0AABDBD
21825811000001107,Omeprazole 20mg gastro-resistant tablets,21825811000001107,AMP,0103050P0AABDBD
42356711000001108,Omeprazole 40mg gastro-resistant tablets,42356711000001108,VMP,0103050P0AABEBE
3204211000001103,Omeprazole 40mg gastro-resistant tablets,3204211000001103,AMP,0103050P0AABEBE
3204711000001105,Omeprazole 40mg gastro-resistant tablets,3204711000001105,AMP,0103050P0AABEBE
3209611000001102,Omeprazole 40mg gastro-resistant tablets,3209611000001102,AMP,0103050P0AABEBE
10687511000001105,Omeprazole 40mg gastro-resistant tablets,10687511000001105,AMP,0103050P0AABEBE
30067711000001109,Omeprazole 40mg gastro-resistant tablets,30067711000001109,AMP,0103050P0AABEBE
11552311000001105,Omeprazole 40mg gastro-resistant tablets,11552311000001105,AMP,0103050P0AABEBE
3206311000001100,Omeprazole 40mg gastro-resistant tablets,3206311000001100,AMP,0103050P0AABEBE
39299311000001109,Omeprazole 40mg gastro-resistant tablets,39299311000001109,AMP,0103050P0AABEBE
17948311000001100,Omeprazole 40mg gastro-resistant tablets,17948311000001100,AMP,0103050P0AABEBE
3207111000001104,Omeprazole 40mg gastro-resistant tablets,3207111000001104,AMP,0103050P0AABEBE
29973011000001102,Omeprazole 40mg gastro-resistant tablets,29973011000001102,AMP,0103050P0AABEBE
3208811000001105,Omeprazole 40mg gastro-resistant tablets,3208811000001105,AMP,0103050P0AABEBE
3207911000001101,Omeprazole 40mg gastro-resistant tablets,3207911000001101,AMP,0103050P0AABEBE
3205811000001101,Omeprazole 40mg gastro-resistant tablets,3205811000001101,AMP,0103050P0AABEBE
3205211000001102,Omeprazole 40mg gastro-resistant tablets,3205211000001102,AMP,0103050P0AABEBE
21826211000001100,Omeprazole 40mg gastro-resistant tablets,21826211000001100,AMP,0103050P0AABEBE
13001611000001106,Omeprazole 3mg/5ml oral solution,13001611000001106,VMP,0103050P0AABFBF
13001711000001102,Omeprazole 3mg/5ml oral suspension,13001711000001102,VMP,0103050P0AABFBF
12969111000001101,Omeprazole 3mg/5ml oral solution,12969111000001101,AMP,0103050P0AABFBF
12968311000001105,Omeprazole 3mg/5ml oral suspension,12968311000001105,AMP,0103050P0AABFBF
36022211000001101,Omeprazole 40mg powder and solvent for solution for injection vials,36022211000001101,VMP,0103050P0AABGBG
14159911000001103,Omeprazole 15mg/5ml oral solution,14159911000001103,VMP,0103050P0AABHBH
14160011000001101,Omeprazole 15mg/5ml oral suspension,14160011000001101,VMP,0103050P0AABHBH
14090111000001109,Omeprazole 15mg/5ml oral solution,14090111000001109,AMP,0103050P0AABHBH
14090711000001105,Omeprazole 15mg/5ml oral suspension,14090711000001105,AMP,0103050P0AABHBH
15437511000001105,Omeprazole 35mg/5ml oral solution,15437511000001105,VMP,0103050P0AABIBI
15437611000001109,Omeprazole 35mg/5ml oral suspension,15437611000001109,VMP,0103050P0AABIBI
15430911000001104,Omeprazole 35mg/5ml oral solution,15430911000001104,AMP,0103050P0AABIBI
15431211000001102,Omeprazole 35mg/5ml oral suspension,15431211000001102,AMP,0103050P0AABIBI
15124911000001106,Omeprazole 8.5mg/5ml oral solution,15124911000001106,VMP,0103050P0AABJBJ
15125011000001106,Omeprazole 8.5mg/5ml oral suspension,15125011000001106,VMP,0103050P0AABJBJ
15117411000001101,Omeprazole 8.5mg/5ml oral solution,15117411000001101,AMP,0103050P0AABJBJ
15117711000001107,Omeprazole 8.5mg/5ml oral suspension,15117711000001107,AMP,0103050P0AABJBJ
15915011000001101,Omeprazole 6.8mg/5ml oral solution,15915011000001101,VMP,0103050P0AABKBK
15915111000001100,Omeprazole 6.8mg/5ml oral suspension,15915111000001100,VMP,0103050P0AABKBK
15894611000001104,Omeprazole 6.8mg/5ml oral solution,15894611000001104,AMP,0103050P0AABKBK
15895411000001101,Omeprazole 6.8mg/5ml oral suspension,15895411000001101,AMP,0103050P0AABKBK
8670511000001102,Omeprazole 10mg/5ml oral suspension,8670511000001102,VMP,0103050P0AABLBL
8643311000001103,Omeprazole 10mg/5ml oral suspension,8643311000001103,AMP,0103050P0AABLBL
8670711000001107,Omeprazole 20mg/5ml oral suspension,8670711000001107,VMP,0103050P0AABMBM
8644211000001109,Omeprazole 20mg/5ml oral suspension,8644211000001109,AMP,0103050P0AABMBM
8670811000001104,Omeprazole 5mg/5ml oral suspension,8670811000001104,VMP,0103050P0AABNBN
8644711000001102,Omeprazole 5mg/5ml oral suspension,8644711000001102,AMP,0103050P0AABNBN
13001911000001100,Omeprazole 40mg/5ml oral suspension,13001911000001100,VMP,0103050P0AABPBP
12969411000001106,Omeprazole 40mg/5ml oral suspension,12969411000001106,AMP,0103050P0AABPBP
32750211000001103,Omeprazole 7mg/5ml oral suspension,32750211000001103,VMP,0103050P0AABQBQ
32707511000001105,Omeprazole 7mg/5ml oral suspension,32707511000001105,AMP,0103050P0AABQBQ
34683711000001105,Omeprazole 3.5mg/5ml oral suspension,34683711000001105,VMP,0103050P0AABRBR
34675111000001104,Omeprazole 3.5mg/5ml oral suspension,34675111000001104,AMP,0103050P0AABRBR
34683811000001102,Omeprazole 5mg/5ml oral solution,34683811000001102,VMP,0103050P0AABSBS
34675411000001109,Omeprazole 5mg/5ml oral solution,34675411000001109,AMP,0103050P0AABSBS
36775611000001107,Omeprazole 30mg/5ml oral suspension,36775611000001107,VMP,0103050P0AABTBT
36771511000001105,Omeprazole 30mg/5ml oral suspension,36771511000001105,AMP,0103050P0AABTBT
38072111000001103,Omeprazole 10mg/5ml oral suspension sugar free,38072111000001103,VMP,0103050P0AABUBU
38313211000001109,Omeprazole 10mg/5ml oral suspension sugar free,38313211000001109,AMP,0103050P0AABUBU
38216111000001100,Omeprazole 10mg/5ml oral suspension sugar free,38216111000001100,AMP,0103050P0AABUBU
38011811000001105,Omeprazole 10mg/5ml oral suspension sugar free,38011811000001105,AMP,0103050P0AABUBU
38072211000001109,Omeprazole 20mg/5ml oral suspension sugar free,38072211000001109,VMP,0103050P0AABVBV
38316811000001101,Omeprazole 20mg/5ml oral suspension sugar free,38316811000001101,AMP,0103050P0AABVBV
38216411000001105,Omeprazole 20mg/5ml oral suspension sugar free,38216411000001105,AMP,0103050P0AABVBV
38012111000001108,Omeprazole 20mg/5ml oral suspension sugar free,38012111000001108,AMP,0103050P0AABVBV
42202211000001101,Omeprazole 1mg/ml oral suspension sugar free,42202211000001101,VMP,0103050P0AABWBW
42407711000001109,Omeprazole 1mg/ml oral suspension sugar free,42407711000001109,AMP,0103050P0AABWBW
42183311000001103,Omeprazole 1mg/ml oral suspension sugar free,42183311000001103,AMP,0103050P0AABWBW
42445111000001105,Omeprazole 10mg/15ml oral solution unit dose sugar free,42445111000001105,VMP,0103050P0AABXBX
42549711000001104,Omeprazole 10mg/15ml oral solution unit dose sugar free,42549711000001104,AMP,0103050P0AABXBX
42748811000001101,Omeprazole 10mg/15ml oral solution unit dose sugar free,42748811000001101,AMP,0103050P0AABXBX
42444211000001100,Omeprazole 10mg/15ml oral solution unit dose sugar free,42444211000001100,AMP,0103050P0AABXBX
42445211000001104,Omeprazole 20mg/15ml oral solution unit dose sugar free,42445211000001104,VMP,0103050P0AABYBY
42549911000001102,Omeprazole 20mg/15ml oral solution unit dose sugar free,42549911000001102,AMP,0103050P0AABYBY
42749011000001102,Omeprazole 20mg/15ml oral solution unit dose sugar free,42749011000001102,AMP,0103050P0AABYBY
42444511000001102,Omeprazole 20mg/15ml oral solution unit dose sugar free,42444511000001102,AMP,0103050P0AABYBY
923011000001105,Losec 20mg gastro-resistant capsules,923011000001105,AMP,0103050P0BBAAAA
935511000001100,Losec 40mg gastro-resistant capsules,935511000001100,AMP,0103050P0BBABAE
64411000001103,Losec 10mg gastro-resistant capsules,64411000001103,AMP,0103050P0BBACAF
749811000001106,Losec MUPS 10mg gastro-resistant tablets,749811000001106,AMP,0103050P0BBADAM
427311000001104,Losec MUPS 20mg gastro-resistant tablets,427311000001104,AMP,0103050P0BBAEAN
691311000001102,Losec MUPS 40mg gastro-resistant tablets,691311000001102,AMP,0103050P0BBAFAP
4370611000001108,Losec Infusion 40mg powder for solution for infusion vials,4370611000001108,AMP,0103050P0BBAGAV
9832811000001108,Losec I.V. 40mg powder and solvent for solution for injection vials,9832811000001108,AMP,0103050P0BBAHBG
3632811000001101,Omeran 10mg gastro-resistant tablets,3632811000001101,AMP,0103050P0BDAABC
3633211000001108,Omeran 20mg gastro-resistant tablets,3633211000001108,AMP,0103050P0BDABBD
3633611000001105,Omeran 40mg gastro-resistant tablets,3633611000001105,AMP,0103050P0BDACBE
7316211000001108,Zanprol 10mg gastro-resistant tablets,7316211000001108,AMP,0103050P0BEAABC
10820511000001105,Mepradec 10mg gastro-resistant capsules,10820511000001105,AMP,0103050P0BFAAAF
10820111000001101,Mepradec 20mg gastro-resistant capsules,10820111000001101,AMP,0103050P0BFABAA
18503211000001105,Mezzopram 10mg dispersible gastro-resistant tablets,18503211000001105,AMP,0103050P0BGAAAM
18503311000001102,Mezzopram 20mg dispersible gastro-resistant tablets,18503311000001102,AMP,0103050P0BGABAN
18503411000001109,Mezzopram 40mg dispersible gastro-resistant tablets,18503411000001109,AMP,0103050P0BGACAP
39577211000001108,Mezzopram 10mg dispersible gastro-resistant tablets,39577211000001108,AMP,0103050P0BGADAM
39577411000001107,Mezzopram 20mg dispersible gastro-resistant tablets,39577411000001107,AMP,0103050P0BGAEAN
39577611000001105,Mezzopram 40mg dispersible gastro-resistant tablets,39577611000001105,AMP,0103050P0BGAFAP
38994011000001106,Pyrocalm Control 20mg gastro-resistant tablets,38994011000001106,AMP,0103050P0BHAABD
42357111000001105,Pantoprazole 40mg gastro-resistant tablets,42357111000001105,VMP,0103050R0AAAAAA
15609611000001109,Pantoprazole 40mg gastro-resistant tablets,15609611000001109,AMP,0103050R0AAAAAA
15453911000001106,Pantoprazole 40mg gastro-resistant tablets,15453911000001106,AMP,0103050R0AAAAAA
43179111000001102,Pantoprazole 40mg gastro-resistant tablets,43179111000001102,AMP,0103050R0AAAAAA
15609011000001102,Pantoprazole 40mg gastro-resistant tablets,15609011000001102,AMP,0103050R0AAAAAA
18681711000001107,Pantoprazole 40mg gastro-resistant tablets,18681711000001107,AMP,0103050R0AAAAAA
41961211000001107,Pantoprazole 40mg gastro-resistant tablets,41961211000001107,AMP,0103050R0AAAAAA
17661511000001107,Pantoprazole 40mg gastro-resistant tablets,17661511000001107,AMP,0103050R0AAAAAA
32492611000001101,Pantoprazole 40mg gastro-resistant tablets,32492611000001101,AMP,0103050R0AAAAAA
17217911000001105,Pantoprazole 40mg gastro-resistant tablets,17217911000001105,AMP,0103050R0AAAAAA
38418911000001104,Pantoprazole 40mg gastro-resistant tablets,38418911000001104,AMP,0103050R0AAAAAA
30071611000001102,Pantoprazole 40mg gastro-resistant tablets,30071611000001102,AMP,0103050R0AAAAAA
18478211000001104,Pantoprazole 40mg gastro-resistant tablets,18478211000001104,AMP,0103050R0AAAAAA
37799111000001107,Pantoprazole 40mg gastro-resistant tablets,37799111000001107,AMP,0103050R0AAAAAA
40916511000001109,Pantoprazole 40mg gastro-resistant tablets,40916511000001109,AMP,0103050R0AAAAAA
32442411000001109,Pantoprazole 40mg gastro-resistant tablets,32442411000001109,AMP,0103050R0AAAAAA
42432811000001109,Pantoprazole 40mg gastro-resistant tablets,42432811000001109,AMP,0103050R0AAAAAA
29819111000001102,Pantoprazole 40mg gastro-resistant tablets,29819111000001102,AMP,0103050R0AAAAAA
30844011000001105,Pantoprazole 40mg gastro-resistant tablets,30844011000001105,AMP,0103050R0AAAAAA
39070711000001104,Pantoprazole 40mg gastro-resistant tablets,39070711000001104,AMP,0103050R0AAAAAA
35174811000001103,Pantoprazole 40mg gastro-resistant tablets,35174811000001103,AMP,0103050R0AAAAAA
16569811000001103,Pantoprazole 40mg gastro-resistant tablets,16569811000001103,AMP,0103050R0AAAAAA
43788711000001107,Pantoprazole 40mg gastro-resistant tablets,43788711000001107,AMP,0103050R0AAAAAA
17952111000001103,Pantoprazole 40mg gastro-resistant tablets,17952111000001103,AMP,0103050R0AAAAAA
20318611000001102,Pantoprazole 40mg gastro-resistant tablets,20318611000001102,AMP,0103050R0AAAAAA
29975611000001108,Pantoprazole 40mg gastro-resistant tablets,29975611000001108,AMP,0103050R0AAAAAA
16213411000001108,Pantoprazole 40mg gastro-resistant tablets,16213411000001108,AMP,0103050R0AAAAAA
40125711000001103,Pantoprazole 40mg gastro-resistant tablets,40125711000001103,AMP,0103050R0AAAAAA
16741811000001106,Pantoprazole 40mg gastro-resistant tablets,16741811000001106,AMP,0103050R0AAAAAA
15510911000001100,Pantoprazole 40mg gastro-resistant tablets,15510911000001100,AMP,0103050R0AAAAAA
36820311000001106,Pantoprazole 40mg gastro-resistant tablets,36820311000001106,AMP,0103050R0AAAAAA
15517711000001101,Pantoprazole 40mg gastro-resistant tablets,15517711000001101,AMP,0103050R0AAAAAA
21835111000001103,Pantoprazole 40mg gastro-resistant tablets,21835111000001103,AMP,0103050R0AAAAAA
17958411000001105,Pantoprazole 40mg gastro-resistant tablets,17958411000001105,AMP,0103050R0AAAAAA
15449111000001108,Pantoprazole 40mg gastro-resistant tablets,15449111000001108,AMP,0103050R0AAAAAA
42357011000001109,Pantoprazole 20mg gastro-resistant tablets,42357011000001109,VMP,0103050R0AAABAB
15609411000001106,Pantoprazole 20mg gastro-resistant tablets,15609411000001106,AMP,0103050R0AAABAB
15453711000001109,Pantoprazole 20mg gastro-resistant tablets,15453711000001109,AMP,0103050R0AAABAB
15608811000001101,Pantoprazole 20mg gastro-resistant tablets,15608811000001101,AMP,0103050R0AAABAB
18681511000001102,Pantoprazole 20mg gastro-resistant tablets,18681511000001102,AMP,0103050R0AAABAB
41870011000001106,Pantoprazole 20mg gastro-resistant tablets,41870011000001106,AMP,0103050R0AAABAB
17661311000001101,Pantoprazole 20mg gastro-resistant tablets,17661311000001101,AMP,0103050R0AAABAB
32492411000001104,Pantoprazole 20mg gastro-resistant tablets,32492411000001104,AMP,0103050R0AAABAB
17217711000001108,Pantoprazole 20mg gastro-resistant tablets,17217711000001108,AMP,0103050R0AAABAB
30071411000001100,Pantoprazole 20mg gastro-resistant tablets,30071411000001100,AMP,0103050R0AAABAB
18478011000001109,Pantoprazole 20mg gastro-resistant tablets,18478011000001109,AMP,0103050R0AAABAB
40916211000001106,Pantoprazole 20mg gastro-resistant tablets,40916211000001106,AMP,0103050R0AAABAB
32442111000001104,Pantoprazole 20mg gastro-resistant tablets,32442111000001104,AMP,0103050R0AAABAB
42431511000001103,Pantoprazole 20mg gastro-resistant tablets,42431511000001103,AMP,0103050R0AAABAB
31062811000001107,Pantoprazole 20mg gastro-resistant tablets,31062811000001107,AMP,0103050R0AAABAB
30843811000001102,Pantoprazole 20mg gastro-resistant tablets,30843811000001102,AMP,0103050R0AAABAB
39070511000001109,Pantoprazole 20mg gastro-resistant tablets,39070511000001109,AMP,0103050R0AAABAB
35174611000001102,Pantoprazole 20mg gastro-resistant tablets,35174611000001102,AMP,0103050R0AAABAB
16569611000001102,Pantoprazole 20mg gastro-resistant tablets,16569611000001102,AMP,0103050R0AAABAB
17951911000001106,Pantoprazole 20mg gastro-resistant tablets,17951911000001106,AMP,0103050R0AAABAB
21993411000001105,Pantoprazole 20mg gastro-resistant tablets,21993411000001105,AMP,0103050R0AAABAB
29975411000001105,Pantoprazole 20mg gastro-resistant tablets,29975411000001105,AMP,0103050R0AAABAB
16213211000001109,Pantoprazole 20mg gastro-resistant tablets,16213211000001109,AMP,0103050R0AAABAB
16742111000001109,Pantoprazole 20mg gastro-resistant tablets,16742111000001109,AMP,0103050R0AAABAB
15510711000001102,Pantoprazole 20mg gastro-resistant tablets,15510711000001102,AMP,0103050R0AAABAB
36819911000001106,Pantoprazole 20mg gastro-resistant tablets,36819911000001106,AMP,0103050R0AAABAB
15517511000001106,Pantoprazole 20mg gastro-resistant tablets,15517511000001106,AMP,0103050R0AAABAB
21834611000001105,Pantoprazole 20mg gastro-resistant tablets,21834611000001105,AMP,0103050R0AAABAB
17958211000001106,Pantoprazole 20mg gastro-resistant tablets,17958211000001106,AMP,0103050R0AAABAB
15448811000001108,Pantoprazole 20mg gastro-resistant tablets,15448811000001108,AMP,0103050R0AAABAB
42357211000001104,Pantoprazole 40mg powder for solution for injection vials,42357211000001104,VMP,0103050R0AAACAC
18276611000001102,Pantoprazole 40mg powder for solution for injection vials,18276611000001102,AMP,0103050R0AAACAC
44024611000001102,Pantoprazole 40mg powder for solution for injection vials,44024611000001102,AMP,0103050R0AAACAC
18165811000001102,Pantoprazole 40mg powder for solution for injection vials,18165811000001102,AMP,0103050R0AAACAC
43820611000001105,Pantoprazole 40mg powder for solution for injection vials,43820611000001105,AMP,0103050R0AAACAC
34755011000001107,Pantoprazole 40mg powder for solution for injection vials,34755011000001107,AMP,0103050R0AAACAC
19720111000001100,Pantoprazole 40mg powder for solution for injection vials,19720111000001100,AMP,0103050R0AAACAC
41172011000001103,Pantoprazole 40mg powder for solution for injection vials,41172011000001103,AMP,0103050R0AAACAC
45490911000001105,Pantoprazole 40mg powder for solution for injection vials,45490911000001105,AMP,0103050R0AAACAC
36868311000001103,Pantoprazole 40mg powder for solution for injection vials,36868311000001103,AMP,0103050R0AAACAC
24014611000001108,Pantoprazole 40mg powder for solution for injection vials,24014611000001108,AMP,0103050R0AAACAC
21507211000001106,Pantoprazole 40mg powder for solution for injection vials,21507211000001106,AMP,0103050R0AAACAC
42069511000001100,Pantoprazole 40mg powder for solution for injection vials,42069511000001100,AMP,0103050R0AAACAC
38017011000001109,Pantoprazole 40mg powder for solution for injection vials,38017011000001109,AMP,0103050R0AAACAC
18520011000001104,Pantoprazole 20mg/5ml oral suspension,18520011000001104,VMP,0103050R0AAAEAE
18516611000001104,Pantoprazole 20mg/5ml oral suspension,18516611000001104,AMP,0103050R0AAAEAE
18520111000001103,Pantoprazole 40mg/5ml oral suspension,18520111000001103,VMP,0103050R0AAAFAF
18516911000001105,Pantoprazole 40mg/5ml oral suspension,18516911000001105,AMP,0103050R0AAAFAF
922011000001101,Protium 40mg gastro-resistant tablets,922011000001101,AMP,0103050R0BBAAAA
160711000001109,Protium 20mg gastro-resistant tablets,160711000001109,AMP,0103050R0BBABAB
540211000001102,Protium I.V. 40mg powder for solution for injection vials,540211000001102,AMP,0103050R0BBACAC
17011211000001100,Pantoloc Control 20mg gastro-resistant tablets,17011211000001100,AMP,0103050R0BCAAAB
42357411000001100,Rabeprazole 10mg gastro-resistant tablets,42357411000001100,VMP,0103050T0AAAAAA
21548611000001100,Rabeprazole 10mg gastro-resistant tablets,21548611000001100,AMP,0103050T0AAAAAA
21662511000001100,Rabeprazole 10mg gastro-resistant tablets,21662511000001100,AMP,0103050T0AAAAAA
21553411000001106,Rabeprazole 10mg gastro-resistant tablets,21553411000001106,AMP,0103050T0AAAAAA
36601411000001106,Rabeprazole 10mg gastro-resistant tablets,36601411000001106,AMP,0103050T0AAAAAA
33432211000001102,Rabeprazole 10mg gastro-resistant tablets,33432211000001102,AMP,0103050T0AAAAAA
36439811000001101,Rabeprazole 10mg gastro-resistant tablets,36439811000001101,AMP,0103050T0AAAAAA
30827911000001100,Rabeprazole 10mg gastro-resistant tablets,30827911000001100,AMP,0103050T0AAAAAA
21684811000001105,Rabeprazole 10mg gastro-resistant tablets,21684811000001105,AMP,0103050T0AAAAAA
37137411000001107,Rabeprazole 10mg gastro-resistant tablets,37137411000001107,AMP,0103050T0AAAAAA
39300611000001102,Rabeprazole 10mg gastro-resistant tablets,39300611000001102,AMP,0103050T0AAAAAA
21554411000001109,Rabeprazole 10mg gastro-resistant tablets,21554411000001109,AMP,0103050T0AAAAAA
21661511000001108,Rabeprazole 10mg gastro-resistant tablets,21661511000001108,AMP,0103050T0AAAAAA
36828111000001106,Rabeprazole 10mg gastro-resistant tablets,36828111000001106,AMP,0103050T0AAAAAA
33612211000001109,Rabeprazole 10mg gastro-resistant tablets,33612211000001109,AMP,0103050T0AAAAAA
21877311000001107,Rabeprazole 10mg gastro-resistant tablets,21877311000001107,AMP,0103050T0AAAAAA
36501111000001108,Rabeprazole 10mg gastro-resistant tablets,36501111000001108,AMP,0103050T0AAAAAA
22102211000001101,Rabeprazole 10mg gastro-resistant tablets,22102211000001101,AMP,0103050T0AAAAAA
42357511000001101,Rabeprazole 20mg gastro-resistant tablets,42357511000001101,VMP,0103050T0AAABAB
21548811000001101,Rabeprazole 20mg gastro-resistant tablets,21548811000001101,AMP,0103050T0AAABAB
27843011000001102,Rabeprazole 20mg gastro-resistant tablets,27843011000001102,AMP,0103050T0AAABAB
21663211000001109,Rabeprazole 20mg gastro-resistant tablets,21663211000001109,AMP,0103050T0AAABAB
21553611000001109,Rabeprazole 20mg gastro-resistant tablets,21553611000001109,AMP,0103050T0AAABAB
36601611000001109,Rabeprazole 20mg gastro-resistant tablets,36601611000001109,AMP,0103050T0AAABAB
33569211000001105,Rabeprazole 20mg gastro-resistant tablets,33569211000001105,AMP,0103050T0AAABAB
36440011000001100,Rabeprazole 20mg gastro-resistant tablets,36440011000001100,AMP,0103050T0AAABAB
30828411000001107,Rabeprazole 20mg gastro-resistant tablets,30828411000001107,AMP,0103050T0AAABAB
21686311000001107,Rabeprazole 20mg gastro-resistant tablets,21686311000001107,AMP,0103050T0AAABAB
37137611000001105,Rabeprazole 20mg gastro-resistant tablets,37137611000001105,AMP,0103050T0AAABAB
39300411000001100,Rabeprazole 20mg gastro-resistant tablets,39300411000001100,AMP,0103050T0AAABAB
21554211000001105,Rabeprazole 20mg gastro-resistant tablets,21554211000001105,AMP,0103050T0AAABAB
21661711000001103,Rabeprazole 20mg gastro-resistant tablets,21661711000001103,AMP,0103050T0AAABAB
36828311000001108,Rabeprazole 20mg gastro-resistant tablets,36828311000001108,AMP,0103050T0AAABAB
33612411000001108,Rabeprazole 20mg gastro-resistant tablets,33612411000001108,AMP,0103050T0AAABAB
21877511000001101,Rabeprazole 20mg gastro-resistant tablets,21877511000001101,AMP,0103050T0AAABAB
36501311000001105,Rabeprazole 20mg gastro-resistant tablets,36501311000001105,AMP,0103050T0AAABAB
22102511000001103,Rabeprazole 20mg gastro-resistant tablets,22102511000001103,AMP,0103050T0AAABAB
228611000001109,Pariet 10mg gastro-resistant tablets,228611000001109,AMP,0103050T0BBAAAA
43811000001108,Pariet 20mg gastro-resistant tablets,43811000001108,AMP,0103050T0BBABAB
317291008,VMP previous to 42356411000001102,317291008,VMP,0103050P0AAAAAA
317295004,VMP previous to 42356611000001104,317295004,VMP,0103050P0AAAEAE
317297007,VMP previous to 42356211000001101,317297007,VMP,0103050P0AAAFAF
317298002,VMP previous to 36022211000001101,317298002,VMP,0103050P0AABGBG
317300002,VMP previous to 36022311000001109,317300002,VMP,0103050P0AAAVAV
317309001,VMP previous to 42354611000001108,317309001,VMP,0103050L0AAAAAA
317310006,VMP previous to 42354511000001109,317310006,VMP,0103050L0AAABAB
317312003,VMP previous to 36037911000001105,317312003,VMP,0103050L0AAADAD
317318004,VMP previous to 42357111000001105,317318004,VMP,0103050R0AAAAAA
317320001,VMP previous to 42357211000001104,317320001,VMP,0103050R0AAACAC
317322009,VMP previous to 42357011000001109,317322009,VMP,0103050R0AAABAB
317324005,VMP previous to 42357411000001100,317324005,VMP,0103050T0AAAAAA
317325006,VMP previous to 42357511000001101,317325006,VMP,0103050T0AAABAB
317334001,VMP previous to 42353811000001109,317334001,VMP,0103050E0AAABAB
317335000,VMP previous to 42353711000001101,317335000,VMP,0103050E0AAAAAA
3367511000001102,VMP previous to 39021411000001102,3367511000001102,VMP,0103050P0AAAMAM
3367611000001103,VMP previous to 42356311000001109,3367611000001103,VMP,0103050P0AABCBC
3367711000001107,VMP previous to 39021511000001103,3367711000001107,VMP,0103050P0AAANAN
3367811000001104,VMP previous to 42356511000001103,3367811000001104,VMP,0103050P0AABDBD
3367911000001109,VMP previous to 39021611000001104,3367911000001109,VMP,0103050P0AAAPAP
3368011000001106,VMP previous to 42356711000001108,3368011000001106,VMP,0103050P0AABEBE
398787005,VMP previous to 39021611000001104,398787005,VMP,0103050P0AAAPAP
398905005,VMP previous to 39021511000001103,398905005,VMP,0103050P0AAANAN
398942003,VMP previous to 39021411000001102,398942003,VMP,0103050P0AAAMAM
407846000,VMP previous to 42356311000001109,407846000,VMP,0103050P0AABCBC
407847009,VMP previous to 42356511000001103,407847009,VMP,0103050P0AABDBD
407848004,VMP previous to 42356711000001108,407848004,VMP,0103050P0AABEBE
