patient_id,code
2,E
6,
7,R
10,N
12,B
13,L
14,N
17,E
18,A
20,S
23,J
26,B
29,K
30,M
33,D
36,G
37,N
38,P
41,R
43,J
44,E
47,N
48,J
49,L
51,K
54,
55,C
56,R
59,F
60,S
61,F
62,K
63,N
64,C
68,J
69,H
73,J
75,F
76,G
79,C
81,M
83,J
85,H
89,J
91,K
95,H
96,P
97,P
100,H
101,C
103,D
107,E
108,H
109,R
110,N
112,J
113,F
114,B
117,D
118,P
123,J
124,A
125,S
126,D
127,
130,H
131,P
133,F
134,L
135,G
137,L
138,S
140,B
141,G
146,A
147,L
148,L
149,S
150,H
155,C
157,H
159,K
160,B
161,N
162,E
164,H
165,N
166,
173,B
176,N
178,
181,J
184,S
187,E
189,R
193,M
194,S
196,M
199,H
200,E
204,A
205,D
207,P
208,J
210,G
211,
212,J
215,E
217,E
222,C
226,P
230,C
231,M
239,D
240,P
241,
246,G
247,E
248,H
249,H
251,S
253,D
256,B
258,D
260,A
261,B
263,P
265,A
267,D
268,
269,R
271,J
272,N
274,
276,
277,E
278,F
279,F
281,
283,S
284,M
290,K
293,M
295,H
298,M
304,M
307,
309,R
310,S
315,K
316,G
317,N
318,G
321,F
322,N
323,K
326,M
337,D
341,
342,M
343,L
344,E
348,
349,E
351,S
354,R
356,P
357,B
358,L
365,D
367,N
368,B
370,M
371,
372,L
373,L
374,S
378,G
379,E
381,H
382,M
383,H
384,H
388,S
389,M
390,J
391,J
393,N
395,N
396,J
397,L
399,P
402,M
403,C
404,M
405,E
406,M
408,P
409,K
410,E
412,L
415,H
416,F
418,F
419,
421,D
422,D
424,E
425,
427,K
428,R
430,R
431,P
435,L
436,S
441,L
446,N
449,M
450,R
453,A
454,H
455,F
459,S
461,L
463,E
464,M
465,D
468,P
470,D
472,H
477,F
479,P
480,H
481,P
482,P
483,M
484,A
485,D
486,
488,F
489,G
492,
495,L
499,J
501,J
504,P
505,B
507,L
508,L
509,S
510,
511,
512,
513,
514,
515,F
516,A
517,A
518,G
519,N
520,
524,
525,H
527,B
528,P
530,B
532,
534,H
538,M
544,E
551,F
554,S
556,R
557,D
558,L
559,D
561,R
562,L
564,E
565,C
566,S
570,L
573,H
574,K
575,P
578,K
579,G
584,M
588,E
591,F
592,N
593,H
596,S
601,P
608,J
613,H
619,
623,C
624,H
626,B
628,C
632,B
633,B
634,J
636,P
637,S
638,R
642,P
643,D
649,M
650,E
652,E
654,
655,E
660,G
663,D
664,K
666,A
667,B
669,J
670,P
671,B
672,L
673,M
675,K
677,
679,D
682,L
684,F
687,L
690,S
691,F
694,A
695,N
696,D
699,N
705,B
706,
707,P
708,L
712,H
713,P
721,L
723,K
724,P
725,F
726,P
728,H
730,S
732,B
733,K
736,A
737,A
738,F
739,S
740,H
742,
745,R
747,R
748,S
750,F
752,A
753,
754,K
756,D
758,S
759,E
762,E
764,J
765,D
767,F
769,E
770,H
772,D
773,E
775,
777,N
780,L
781,F
783,E
786,F
787,D
788,E
791,
792,E
793,F
797,F
798,D
799,D
801,K
803,N
804,L
805,F
806,K
807,G
808,G
810,D
811,S
814,L
815,N
819,J
820,
821,G
822,G
823,B
824,D
825,S
826,J
828,P
829,F
832,A
834,E
836,S
837,B
839,B
840,F
841,N
842,C
844,
845,A
846,S
847,H
849,N
851,B
855,G
858,H
860,B
861,A
863,B
865,B
868,M
871,A
872,M
874,P
875,R
877,L
879,G
882,G
883,G
884,S
886,K
889,P
891,F
892,K
894,P
895,
896,F
898,P
899,E
900,J
901,D
909,C
912,H
913,P
915,K
919,N
920,
921,R
922,K
924,J
925,G
927,S
929,P
930,D
936,K
937,N
938,J
940,
942,H
945,S
947,P
952,H
953,B
954,J
958,P
962,M
966,B
971,J
973,R
975,L
977,J
979,B
980,F
983,C
985,A
986,
987,H
988,K
989,G
992,J
997,H
998,F
